Date,Net Sentiment Score,Close,Net Sentiment Score Diff Lag 1,Close Price Diff Lag 1,Net Sentiment Score Diff Lag 2,Close Price Diff Lag 2,Net Sentiment Score Diff Lag 3,Close Price Diff Lag 3,Net Sentiment Score Diff Lag 4,Close Price Diff Lag 4,Net Sentiment Score Diff Lag 5,Close Price Diff Lag 5,Net Sentiment Score Diff Lag 6,Close Price Diff Lag 6,Net Sentiment Score Diff Lag 7,Close Price Diff Lag 7,Net Sentiment Score Diff Lag 8,Close Price Diff Lag 8,Net Sentiment Score Diff Lag 9,Close Price Diff Lag 9,Net Sentiment Score Diff Lag 10,Close Price Diff Lag 10,Close MA 7,Close Volatility 7
2023-09-19,-1.0,17997.169921875,-1.0,66.619140625,-1.0,-185.720703125,-1.0,-50.75,-1.0,-12.05078125,-1.0,-28.720703125,-1.0,-99.279296875,0.0,-204.900390625,-1.0,-452.810546875,-1.0,-459.740234375,-1.0,-846.990234375,18041.44168526786,80.22095282632444
2023-09-20,0.0,17885.599609375,1.0,-111.5703125,0.0,-44.951171875,0.0,-297.291015625,0.0,-162.3203125,0.0,-123.62109375,0.0,-140.291015625,0.0,-210.849609375,1.0,-316.470703125,0.0,-564.380859375,0.0,-571.310546875,18011.3203125,94.44773848628579
2023-09-21,0.0,17655.41015625,0.0,-230.189453125,1.0,-341.759765625,0.0,-275.140625,0.0,-527.48046875,0.0,-392.509765625,0.0,-353.810546875,0.0,-370.48046875,0.0,-441.0390625,1.0,-546.66015625,0.0,-794.5703125,17958.39453125,163.49007559080962
2023-09-22,0.0,18057.44921875,0.0,402.0390625,0.0,171.849609375,1.0,60.279296875,0.0,126.8984375,0.0,-125.44140625,0.0,9.529296875,0.0,48.228515625,0.0,31.55859375,0.0,-39.0,1.0,-144.62109375,17965.284319196428,166.96819858022877
2023-09-25,0.0,17729.2890625,0.0,-328.16015625,0.0,73.87890625,0.0,-156.310546875,1.0,-267.880859375,0.0,-201.26171875,0.0,-453.6015625,0.0,-318.630859375,0.0,-279.931640625,0.0,-296.6015625,0.0,-367.16015625,17919.765625,183.3174540364732
2023-09-26,0.0,17466.900390625,0.0,-262.388671875,0.0,-590.548828125,0.0,-188.509765625,0.0,-418.69921875,1.0,-530.26953125,0.0,-463.650390625,0.0,-715.990234375,0.0,-581.01953125,0.0,-542.3203125,0.0,-558.990234375,17817.481305803572,209.8607931195782
2023-09-27,0.0,17611.869140625,0.0,144.96875,0.0,-117.419921875,0.0,-445.580078125,0.0,-43.541015625,0.0,-273.73046875,1.0,-385.30078125,0.0,-318.681640625,0.0,-571.021484375,0.0,-436.05078125,0.0,-397.3515625,17771.95535714286,215.7284895086695
2023-09-28,0.0,17373.029296875,0.0,-238.83984375,0.0,-93.87109375,0.0,-356.259765625,0.0,-684.419921875,0.0,-282.380859375,0.0,-512.5703125,1.0,-624.140625,0.0,-557.521484375,0.0,-809.861328125,0.0,-674.890625,17682.792410714286,235.23140075137542
2023-09-29,0.0,17809.66015625,0.0,436.630859375,0.0,197.791015625,0.0,342.759765625,0.0,80.37109375,0.0,-247.7890625,0.0,154.25,0.0,-75.939453125,1.0,-187.509765625,0.0,-120.890625,0.0,-373.23046875,17671.943917410714,225.8848186490664
2023-10-03,-1.0,17331.220703125,-1.0,-478.439453125,-1.0,-41.80859375,-1.0,-280.6484375,-1.0,-135.6796875,-1.0,-398.068359375,-1.0,-726.228515625,-1.0,-324.189453125,-1.0,-554.37890625,0.0,-665.94921875,-1.0,-599.330078125,17625.63113839286,260.4318646560291
2023-10-04,0.0,17195.83984375,1.0,-135.380859375,0.0,-613.8203125,0.0,-177.189453125,0.0,-416.029296875,0.0,-271.060546875,0.0,-533.44921875,0.0,-861.609375,0.0,-459.5703125,0.0,-689.759765625,1.0,-801.330078125,17502.544084821428,223.2895280043658
2023-10-05,0.0,17213.869140625,0.0,18.029296875,1.0,-117.3515625,0.0,-595.791015625,0.0,-159.16015625,0.0,-398.0,0.0,-253.03125,0.0,-515.419921875,0.0,-843.580078125,0.0,-441.541015625,0.0,-671.73046875,17428.912667410714,221.02719251766655
2023-10-06,0.0,17485.98046875,0.0,272.111328125,0.0,290.140625,1.0,154.759765625,0.0,-323.6796875,0.0,112.951171875,0.0,-125.888671875,0.0,19.080078125,0.0,-243.30859375,0.0,-571.46875,0.0,-169.4296875,17431.63839285714,221.69039175303317
2023-10-09,0.0,17517.400390625,0.0,31.419921875,0.0,303.53125,0.0,321.560546875,1.0,186.1796875,0.0,-292.259765625,0.0,144.37109375,0.0,-94.46875,0.0,50.5,0.0,-211.888671875,0.0,-540.048828125,17418.14285714286,211.53284622974556
2023-10-10,-1.0,17664.73046875,-1.0,147.330078125,-1.0,178.75,-1.0,450.861328125,-1.0,468.890625,0.0,333.509765625,-1.0,-144.9296875,-1.0,291.701171875,-1.0,52.861328125,-1.0,197.830078125,-1.0,-64.55859375,17459.814453125,229.16203645038544
2023-10-11,0.0,17893.099609375,1.0,228.369140625,0.0,375.69921875,0.0,407.119140625,0.0,679.23046875,0.0,697.259765625,1.0,561.87890625,0.0,83.439453125,0.0,520.0703125,0.0,281.23046875,0.0,426.19921875,17471.734375,251.47592746607836
2023-10-12,0.0,18238.2109375,0.0,345.111328125,1.0,573.48046875,0.0,720.810546875,0.0,752.23046875,0.0,1024.341796875,0.0,1042.37109375,1.0,906.990234375,0.0,428.55078125,0.0,865.181640625,0.0,626.341796875,17601.30440848214,371.8566763354815
2023-10-13,0.0,17813.44921875,0.0,-424.76171875,0.0,-79.650390625,1.0,148.71875,0.0,296.048828125,0.0,327.46875,0.0,599.580078125,0.0,617.609375,1.0,482.228515625,0.0,3.7890625,0.0,440.419921875,17689.534319196428,330.59961022089107
2023-10-16,0.0,17640.359375,0.0,-173.08984375,0.0,-597.8515625,0.0,-252.740234375,1.0,-24.37109375,0.0,122.958984375,0.0,154.37890625,0.0,426.490234375,0.0,444.51953125,1.0,309.138671875,0.0,-169.30078125,17750.461495535714,260.1129821775579
2023-10-17,0.0,17773.33984375,0.0,132.98046875,0.0,-40.109375,0.0,-464.87109375,0.0,-119.759765625,1.0,108.609375,0.0,255.939453125,0.0,287.359375,0.0,559.470703125,0.0,577.5,1.0,442.119140625,17791.512834821428,232.6403873904775
2023-10-18,0.0,17732.51953125,0.0,-40.8203125,0.0,92.16015625,0.0,-80.9296875,0.0,-505.69140625,0.0,-160.580078125,1.0,67.7890625,0.0,215.119140625,0.0,246.5390625,0.0,518.650390625,0.0,536.6796875,17822.244140625,202.67419864540034
2023-10-19,0.0,17295.890625,0.0,-436.62890625,0.0,-477.44921875,0.0,-344.46875,0.0,-517.55859375,0.0,-942.3203125,0.0,-597.208984375,1.0,-368.83984375,0.0,-221.509765625,0.0,-190.08984375,0.0,82.021484375,17769.552734375,282.6257128295197
2023-10-20,0.0,17172.130859375,0.0,-123.759765625,0.0,-560.388671875,0.0,-601.208984375,0.0,-468.228515625,0.0,-641.318359375,0.0,-1066.080078125,0.0,-720.96875,1.0,-492.599609375,0.0,-345.26953125,0.0,-313.849609375,17666.557198660714,352.7643843230933
2023-10-24,0.0,16991.529296875,0.0,-180.6015625,0.0,-304.361328125,0.0,-740.990234375,0.0,-781.810546875,0.0,-648.830078125,0.0,-821.919921875,0.0,-1246.681640625,0.0,-901.5703125,1.0,-673.201171875,0.0,-525.87109375,17488.459821428572,330.0253035002558
2023-10-25,0.0,17085.330078125,0.0,93.80078125,0.0,-86.80078125,0.0,-210.560546875,0.0,-647.189453125,0.0,-688.009765625,0.0,-555.029296875,0.0,-728.119140625,0.0,-1152.880859375,0.0,-807.76953125,1.0,-579.400390625,17384.442801339286,325.2329688058201
2023-10-26,-1.0,17044.609375,-1.0,-40.720703125,-1.0,53.080078125,-1.0,-127.521484375,-1.0,-251.28125,-1.0,-687.91015625,-1.0,-728.73046875,-1.0,-595.75,-1.0,-768.83984375,-1.0,-1193.6015625,-1.0,-848.490234375,17299.33565848214,325.05122381341636
2023-10-27,0.0,17398.73046875,1.0,354.12109375,0.0,313.400390625,0.0,407.201171875,0.0,226.599609375,0.0,102.83984375,0.0,-333.7890625,0.0,-374.609375,0.0,-241.62890625,0.0,-414.71875,0.0,-839.48046875,17245.82003348214,257.9087999139591
2023-10-30,-1.0,17406.359375,-1.0,7.62890625,0.0,361.75,-1.0,321.029296875,-1.0,414.830078125,-1.0,234.228515625,-1.0,110.46875,-1.0,-326.16015625,-1.0,-366.98046875,-1.0,-234.0,-1.0,-407.08984375,17199.225725446428,169.70610217695187
2023-10-31,0.0,17112.48046875,1.0,-293.87890625,0.0,-286.25,1.0,67.87109375,0.0,27.150390625,0.0,120.951171875,0.0,-59.650390625,0.0,-183.41015625,0.0,-620.0390625,0.0,-660.859375,0.0,-527.87890625,17173.024274553572,166.4211481192395
2023-11-01,-1.0,17101.779296875,-1.0,-10.701171875,0.0,-304.580078125,-1.0,-296.951171875,0.0,57.169921875,-1.0,16.44921875,-1.0,110.25,-1.0,-70.3515625,-1.0,-194.111328125,-1.0,-630.740234375,-1.0,-671.560546875,17162.974051339286,168.59418287468415
2023-11-02,-1.0,17230.58984375,0.0,128.810546875,-1.0,118.109375,0.0,-175.76953125,-1.0,-168.140625,0.0,185.98046875,-1.0,145.259765625,-1.0,239.060546875,-1.0,58.458984375,-1.0,-65.30078125,-1.0,-501.9296875,17197.125558035714,151.41460997189833
2023-11-03,0.0,17664.119140625,1.0,433.529296875,1.0,562.33984375,0.0,551.638671875,1.0,257.759765625,0.0,265.388671875,1.0,619.509765625,0.0,578.7890625,0.0,672.58984375,0.0,491.98828125,0.0,368.228515625,17279.809709821428,221.84318742192102
2023-11-06,0.0,17966.58984375,0.0,302.470703125,1.0,736.0,1.0,864.810546875,0.0,854.109375,1.0,560.23046875,0.0,567.859375,1.0,921.98046875,0.0,881.259765625,0.0,975.060546875,0.0,794.458984375,17411.52120535714,313.63426877446733
2023-11-07,0.0,17670.16015625,0.0,-296.4296875,0.0,6.041015625,1.0,439.5703125,1.0,568.380859375,0.0,557.6796875,1.0,263.80078125,0.0,271.4296875,1.0,625.55078125,0.0,584.830078125,0.0,678.630859375,17450.296875,328.2286711477259
2023-11-08,0.0,17568.4609375,0.0,-101.69921875,0.0,-398.12890625,0.0,-95.658203125,1.0,337.87109375,1.0,466.681640625,0.0,455.98046875,1.0,162.1015625,0.0,169.73046875,1.0,523.8515625,0.0,483.130859375,17473.454241071428,330.323770442754
2023-11-09,0.0,17511.2890625,0.0,-57.171875,0.0,-158.87109375,0.0,-455.30078125,0.0,-152.830078125,1.0,280.69921875,1.0,409.509765625,0.0,398.80859375,1.0,104.9296875,0.0,112.55859375,1.0,466.6796875,17530.426897321428,289.56605015217997
2023-11-10,0.0,17203.259765625,0.0,-308.029296875,0.0,-365.201171875,0.0,-466.900390625,0.0,-763.330078125,0.0,-460.859375,1.0,-27.330078125,1.0,101.48046875,0.0,90.779296875,1.0,-203.099609375,0.0,-195.470703125,17544.92410714286,266.1200754829016
2023-11-13,0.0,17426.2109375,0.0,222.951171875,0.0,-85.078125,0.0,-142.25,0.0,-243.94921875,0.0,-540.37890625,0.0,-237.908203125,1.0,195.62109375,1.0,324.431640625,0.0,313.73046875,1.0,19.8515625,17572.869977678572,236.19884038456604
2023-11-14,0.0,17396.859375,0.0,-29.3515625,0.0,193.599609375,0.0,-114.4296875,0.0,-171.6015625,0.0,-273.30078125,0.0,-569.73046875,0.0,-267.259765625,1.0,166.26953125,1.0,295.080078125,0.0,284.37890625,17534.690011160714,240.55100180204326
2023-11-15,0.0,18079.0,0.0,682.140625,0.0,652.7890625,0.0,875.740234375,0.0,567.7109375,0.0,510.5390625,0.0,408.83984375,0.0,112.41015625,0.0,414.880859375,1.0,848.41015625,1.0,977.220703125,17550.748604910714,275.4146741233352
2023-11-16,0.0,17832.8203125,0.0,-246.1796875,0.0,435.9609375,0.0,406.609375,0.0,629.560546875,0.0,321.53125,0.0,264.359375,0.0,162.66015625,0.0,-133.76953125,0.0,168.701171875,1.0,602.23046875,17573.985770089286,293.44080182241885
2023-11-17,0.0,17454.189453125,0.0,-378.630859375,0.0,-624.810546875,0.0,57.330078125,0.0,27.978515625,0.0,250.9296875,0.0,-57.099609375,0.0,-114.271484375,0.0,-215.970703125,0.0,-512.400390625,0.0,-209.9296875,17557.661272321428,296.95685271224266
2023-11-20,0.0,17778.0703125,0.0,323.880859375,0.0,-54.75,0.0,-300.9296875,0.0,381.2109375,0.0,351.859375,0.0,574.810546875,0.0,266.78125,0.0,209.609375,0.0,107.91015625,0.0,-188.51953125,17595.772879464286,306.9643125816091
2023-11-21,0.0,17733.890625,0.0,-44.1796875,0.0,279.701171875,0.0,-98.9296875,0.0,-345.109375,0.0,337.03125,0.0,307.6796875,0.0,530.630859375,0.0,222.6015625,0.0,165.4296875,0.0,63.73046875,17671.577287946428,254.99945878078535
2023-11-22,0.0,17734.599609375,0.0,0.708984375,0.0,-43.470703125,0.0,280.41015625,0.0,-98.220703125,0.0,-344.400390625,0.0,337.740234375,0.0,308.388671875,0.0,531.33984375,0.0,223.310546875,0.0,166.138671875,17715.6328125,231.05889805847232
2023-11-23,0.0,17910.83984375,0.0,176.240234375,0.0,176.94921875,0.0,132.76953125,0.0,456.650390625,0.0,78.01953125,0.0,-168.16015625,0.0,513.98046875,0.0,484.62890625,0.0,707.580078125,0.0,399.55078125,17789.05859375,191.0842525173262
2023-11-24,0.0,17559.419921875,0.0,-351.419921875,0.0,-175.1796875,0.0,-174.470703125,0.0,-218.650390625,0.0,105.23046875,0.0,-273.400390625,0.0,-519.580078125,0.0,162.560546875,0.0,133.208984375,0.0,356.16015625,17714.832868303572,157.68155762833211
2023-11-27,-1.0,17525.060546875,-1.0,-34.359375,-1.0,-385.779296875,-1.0,-209.5390625,-1.0,-208.830078125,-1.0,-253.009765625,-1.0,70.87109375,-1.0,-307.759765625,-1.0,-553.939453125,-1.0,128.201171875,-1.0,98.849609375,17670.8671875,162.14318315885603
2023-11-28,0.0,17354.140625,1.0,-170.919921875,0.0,-205.279296875,0.0,-556.69921875,0.0,-380.458984375,0.0,-379.75,0.0,-423.9296875,0.0,-100.048828125,0.0,-478.6796875,0.0,-724.859375,0.0,-42.71875,17656.57449776786,186.93982054395988
2023-11-29,0.0,16993.439453125,0.0,-360.701171875,1.0,-531.62109375,0.0,-565.98046875,0.0,-917.400390625,0.0,-741.16015625,0.0,-740.451171875,0.0,-784.630859375,0.0,-460.75,0.0,-839.380859375,0.0,-1085.560546875,17544.484375,301.8599189776945
2023-11-30,0.0,17042.880859375,0.0,49.44140625,0.0,-311.259765625,1.0,-482.1796875,0.0,-516.5390625,0.0,-867.958984375,0.0,-691.71875,0.0,-691.009765625,0.0,-735.189453125,0.0,-411.30859375,0.0,-789.939453125,17445.768694196428,340.15543603967296
2023-12-01,0.0,16830.30078125,0.0,-212.580078125,0.0,-163.138671875,0.0,-523.83984375,1.0,-694.759765625,0.0,-729.119140625,0.0,-1080.5390625,0.0,-904.298828125,0.0,-903.58984375,0.0,-947.76953125,0.0,-623.888671875,17316.583147321428,381.3986190453155
2023-12-04,0.0,16646.05078125,0.0,-184.25,0.0,-396.830078125,0.0,-347.388671875,0.0,-708.08984375,1.0,-879.009765625,0.0,-913.369140625,0.0,-1264.7890625,0.0,-1088.548828125,0.0,-1087.83984375,0.0,-1132.01953125,17135.898995535714,351.3627596970461
2023-12-05,0.0,16327.8603515625,0.0,-318.1904296875,0.0,-502.4404296875,0.0,-715.0205078125,0.0,-665.5791015625,0.0,-1026.2802734375,1.0,-1197.2001953125,0.0,-1231.5595703125,0.0,-1582.9794921875,0.0,-1406.7392578125,0.0,-1406.0302734375,16959.9619140625,407.76100272446354
2023-12-06,0.0,16463.259765625,0.0,135.3994140625,0.0,-182.791015625,0.0,-367.041015625,0.0,-579.62109375,0.0,-530.1796875,0.0,-890.880859375,1.0,-1061.80078125,0.0,-1096.16015625,0.0,-1447.580078125,0.0,-1271.33984375,16808.27608816964,356.82176761782574
2023-12-07,0.0,16345.8896484375,0.0,-117.3701171875,0.0,18.029296875,0.0,-300.1611328125,0.0,-484.4111328125,0.0,-696.9912109375,0.0,-647.5498046875,0.0,-1008.2509765625,1.0,-1179.1708984375,0.0,-1213.5302734375,0.0,-1564.9501953125,16664.240234375,298.47933482519693
2023-12-08,-3.0,16334.3701171875,-3.0,-11.51953125,-3.0,-128.8896484375,-3.0,6.509765625,-3.0,-311.6806640625,-3.0,-495.9306640625,-3.0,-708.5107421875,-3.0,-659.0693359375,-3.0,-1019.7705078125,-2.0,-1190.6904296875,-3.0,-1225.0498046875,16570.087472098214,280.7515063727469
2023-12-11,0.0,16201.490234375,3.0,-132.8798828125,0.0,-144.3994140625,0.0,-261.76953125,0.0,-126.3701171875,0.0,-444.560546875,0.0,-628.810546875,0.0,-841.390625,0.0,-791.94921875,0.0,-1152.650390625,1.0,-1323.5703125,16449.888811383928,217.61003359426223
2023-12-12,0.0,16374.5,0.0,173.009765625,3.0,40.1298828125,0.0,28.6103515625,0.0,-88.759765625,0.0,46.6396484375,0.0,-271.55078125,0.0,-455.80078125,0.0,-668.380859375,0.0,-618.939453125,0.0,-979.640625,16384.7744140625,138.6937713214169
2023-12-13,0.0,16228.75,0.0,-145.75,0.0,27.259765625,3.0,-105.6201171875,0.0,-117.1396484375,0.0,-234.509765625,0.0,-99.1103515625,0.0,-417.30078125,0.0,-601.55078125,0.0,-814.130859375,0.0,-764.689453125,16325.16001674107,88.1446882281409
2023-12-14,0.0,16402.189453125,0.0,173.439453125,0.0,27.689453125,0.0,200.69921875,3.0,67.8193359375,0.0,56.2998046875,0.0,-61.0703125,0.0,74.3291015625,0.0,-243.861328125,0.0,-428.111328125,0.0,-640.69140625,16335.77845982143,92.87437689727176
2023-12-15,-1.0,16792.189453125,-1.0,390.0,-1.0,563.439453125,-1.0,417.689453125,-1.0,590.69921875,2.0,457.8193359375,-1.0,446.2998046875,-1.0,328.9296875,-1.0,464.3291015625,-1.0,146.138671875,-1.0,-38.111328125,16382.76841517857,195.08844979138837
2023-12-18,0.0,16629.23046875,1.0,-162.958984375,0.0,227.041015625,0.0,400.48046875,0.0,254.73046875,0.0,427.740234375,3.0,294.8603515625,0.0,283.3408203125,0.0,165.970703125,0.0,301.3701171875,0.0,-16.8203125,16423.245675223214,214.581631631295
2023-12-19,0.0,16505.0,0.0,-124.23046875,1.0,-287.189453125,0.0,102.810546875,0.0,276.25,0.0,130.5,0.0,303.509765625,3.0,170.6298828125,0.0,159.1103515625,0.0,41.740234375,0.0,177.1396484375,16447.62137276786,212.48425125536738
2023-12-20,0.0,16613.810546875,0.0,108.810546875,0.0,-15.419921875,1.0,-178.37890625,0.0,211.62109375,0.0,385.060546875,0.0,239.310546875,0.0,412.3203125,3.0,279.4404296875,0.0,267.9208984375,0.0,150.55078125,16506.524274553572,188.7011674675635
2023-12-21,-1.0,16621.130859375,-1.0,7.3203125,-1.0,116.130859375,-1.0,-8.099609375,0.0,-171.05859375,-1.0,218.94140625,-1.0,392.380859375,-1.0,246.630859375,-1.0,419.640625,2.0,286.7607421875,-1.0,275.2412109375,16541.757254464286,182.87678170516827
2023-12-22,-1.0,16340.41015625,0.0,-280.720703125,-1.0,-273.400390625,-1.0,-164.58984375,-1.0,-288.8203125,0.0,-451.779296875,-1.0,-61.779296875,-1.0,111.66015625,-1.0,-34.08984375,-1.0,138.919921875,2.0,6.0400390625,16557.70870535714,153.54124029826085
2023-12-27,0.0,16624.83984375,1.0,284.4296875,1.0,3.708984375,0.0,11.029296875,0.0,119.83984375,0.0,-4.390625,1.0,-167.349609375,0.0,222.650390625,0.0,396.08984375,0.0,250.33984375,0.0,423.349609375,16589.51590401786,138.2557663381811
2023-12-28,0.0,17043.529296875,0.0,418.689453125,1.0,703.119140625,1.0,422.3984375,0.0,429.71875,0.0,538.529296875,0.0,414.298828125,1.0,251.33984375,0.0,641.33984375,0.0,814.779296875,0.0,669.029296875,16625.42159598214,212.41272871953436
2023-12-29,0.0,17047.390625,0.0,3.861328125,0.0,422.55078125,1.0,706.98046875,1.0,426.259765625,0.0,433.580078125,0.0,542.390625,0.0,418.16015625,1.0,255.201171875,0.0,645.201171875,0.0,818.640625,16685.158761160714,265.76263078982413
2024-01-02,0.0,16788.55078125,0.0,-258.83984375,0.0,-254.978515625,0.0,163.7109375,1.0,448.140625,1.0,167.419921875,0.0,174.740234375,0.0,283.55078125,0.0,159.3203125,1.0,-3.638671875,0.0,386.361328125,16725.666015625,255.12269025297857
2024-01-03,0.0,16646.41015625,0.0,-142.140625,0.0,-400.98046875,0.0,-397.119140625,0.0,21.5703125,1.0,306.0,1.0,25.279296875,0.0,32.599609375,0.0,141.41015625,0.0,17.1796875,1.0,-145.779296875,16730.323102678572,253.02949387660937
2024-01-04,0.0,16645.98046875,0.0,-0.4296875,0.0,-142.5703125,0.0,-401.41015625,0.0,-397.548828125,0.0,21.140625,1.0,305.5703125,1.0,24.849609375,0.0,32.169921875,0.0,140.98046875,0.0,16.75,16733.873046875,251.41137199235715
2024-01-05,-1.0,16535.330078125,-1.0,-110.650390625,-1.0,-111.080078125,-1.0,-253.220703125,-1.0,-512.060546875,-1.0,-508.19921875,-1.0,-89.509765625,0.0,194.919921875,0.0,-85.80078125,-1.0,-78.48046875,-1.0,30.330078125,16761.71875,207.53499691452646
2024-01-08,0.0,16224.4501953125,1.0,-310.8798828125,0.0,-421.5302734375,0.0,-421.9599609375,0.0,-564.1005859375,0.0,-822.9404296875,0.0,-819.0791015625,0.0,-400.3896484375,1.0,-115.9599609375,1.0,-396.6806640625,0.0,-389.3603515625,16704.52022879464,290.2426050591481
2024-01-09,0.0,16190.01953125,0.0,-34.4306640625,1.0,-345.310546875,0.0,-455.9609375,0.0,-456.390625,0.0,-598.53125,0.0,-857.37109375,0.0,-853.509765625,0.0,-434.8203125,1.0,-150.390625,1.0,-431.111328125,16582.590262276786,303.08415254321505
2024-01-10,-1.0,16097.2802734375,-1.0,-92.7392578125,-1.0,-127.169921875,0.0,-438.0498046875,-1.0,-548.7001953125,-1.0,-549.1298828125,-1.0,-691.2705078125,-1.0,-950.1103515625,-1.0,-946.2490234375,-1.0,-527.5595703125,0.0,-243.1298828125,16446.860212053572,271.32019935905936
2024-01-11,0.0,16302.0400390625,1.0,204.759765625,0.0,112.0205078125,0.0,77.58984375,1.0,-233.2900390625,0.0,-343.9404296875,0.0,-344.3701171875,0.0,-486.5107421875,0.0,-745.3505859375,0.0,-741.4892578125,0.0,-322.7998046875,16377.358677455357,228.06983496591783
2024-01-12,0.0,16244.580078125,0.0,-57.4599609375,1.0,147.2998046875,0.0,54.560546875,0.0,20.1298828125,1.0,-290.75,0.0,-401.400390625,0.0,-401.830078125,0.0,-543.970703125,0.0,-802.810546875,0.0,-798.94921875,16319.954380580357,197.59798532578287
2024-01-15,0.0,16216.330078125,0.0,-28.25,0.0,-85.7099609375,1.0,119.0498046875,0.0,26.310546875,0.0,-8.1201171875,1.0,-319.0,0.0,-429.650390625,0.0,-430.080078125,0.0,-572.220703125,0.0,-831.060546875,16258.575753348214,136.83531315338053
2024-01-16,-2.0,15865.919921875,-2.0,-350.41015625,-2.0,-378.66015625,-2.0,-436.1201171875,-1.0,-231.3603515625,-2.0,-324.099609375,-2.0,-358.5302734375,-1.0,-669.41015625,-2.0,-780.060546875,-2.0,-780.490234375,-2.0,-922.630859375,16162.945731026786,144.86393332917834
2024-01-17,-1.0,15276.900390625,1.0,-589.01953125,-1.0,-939.4296875,-1.0,-967.6796875,-1.0,-1025.1396484375,0.0,-820.3798828125,-1.0,-913.119140625,-1.0,-947.5498046875,0.0,-1258.4296875,-1.0,-1369.080078125,-1.0,-1369.509765625,16027.581473214286,360.3106356896235
2024-01-18,0.0,15391.7900390625,1.0,114.8896484375,2.0,-474.1298828125,0.0,-824.5400390625,0.0,-852.7900390625,0.0,-910.25,1.0,-705.490234375,0.0,-798.2294921875,0.0,-832.66015625,1.0,-1143.5400390625,0.0,-1254.1904296875,15913.54868861607,421.4583448072876
2024-01-19,0.0,15308.6904296875,0.0,-83.099609375,1.0,31.7900390625,2.0,-557.2294921875,0.0,-907.6396484375,0.0,-935.8896484375,0.0,-993.349609375,1.0,-788.58984375,0.0,-881.3291015625,0.0,-915.759765625,1.0,-1226.6396484375,15800.892996651786,467.0866982434223
2024-01-22,0.0,14961.1796875,0.0,-347.5107421875,0.0,-430.6103515625,1.0,-315.720703125,2.0,-904.740234375,0.0,-1255.150390625,0.0,-1283.400390625,0.0,-1340.8603515625,1.0,-1136.1005859375,0.0,-1228.83984375,0.0,-1263.2705078125,15609.341517857143,501.02331986751733
2024-01-23,0.0,15353.98046875,0.0,392.80078125,0.0,45.2900390625,0.0,-37.8095703125,1.0,77.080078125,2.0,-511.939453125,0.0,-862.349609375,0.0,-890.599609375,0.0,-948.0595703125,1.0,-743.2998046875,0.0,-836.0390625,15482.113002232143,419.22900920208326
2024-01-24,0.0,15899.8701171875,0.0,545.8896484375,0.0,938.6904296875,0.0,591.1796875,0.0,508.080078125,1.0,622.9697265625,2.0,33.9501953125,0.0,-316.4599609375,0.0,-344.7099609375,0.0,-402.169921875,1.0,-197.41015625,15436.90443638393,335.57348040833216
2024-01-25,0.0,16211.9599609375,0.0,312.08984375,0.0,857.9794921875,0.0,1250.7802734375,0.0,903.26953125,0.0,820.169921875,1.0,935.0595703125,2.0,346.0400390625,0.0,-4.3701171875,0.0,-32.6201171875,0.0,-90.080078125,15486.33872767857,423.32176489037425
2024-01-26,0.0,15952.23046875,0.0,-259.7294921875,0.0,52.3603515625,0.0,598.25,0.0,991.05078125,0.0,643.5400390625,0.0,560.4404296875,1.0,675.330078125,2.0,86.310546875,0.0,-264.099609375,0.0,-292.349609375,15582.814453125,444.0806304316244
2024-01-29,0.0,16077.240234375,0.0,125.009765625,0.0,-134.7197265625,0.0,177.3701171875,0.0,723.259765625,0.0,1116.060546875,0.0,768.5498046875,0.0,685.4501953125,1.0,800.33984375,2.0,211.3203125,0.0,-139.08984375,15680.735909598214,469.76800708420313
2024-01-30,-2.0,15703.4501953125,-2.0,-373.7900390625,-2.0,-248.7802734375,-2.0,-508.509765625,-2.0,-196.419921875,-2.0,349.4697265625,-2.0,742.2705078125,-2.0,394.759765625,-2.0,311.66015625,-1.0,426.5498046875,0.0,-162.4697265625,15737.130161830357,440.4406507008891
2024-01-31,0.0,15485.0703125,2.0,-218.3798828125,0.0,-592.169921875,0.0,-467.16015625,0.0,-726.8896484375,0.0,-414.7998046875,0.0,131.08984375,0.0,523.890625,0.0,176.3798828125,0.0,93.2802734375,1.0,208.169921875,15811.9716796875,312.55774405266175
2024-02-01,0.0,15566.2099609375,0.0,81.1396484375,2.0,-137.240234375,0.0,-511.0302734375,0.0,-386.0205078125,0.0,-645.75,0.0,-333.66015625,0.0,212.2294921875,0.0,605.0302734375,0.0,257.51953125,0.0,174.419921875,15842.29017857143,267.81910987600827
2024-02-02,-1.0,15533.5595703125,-1.0,-32.650390625,-1.0,48.4892578125,1.0,-169.890625,-1.0,-543.6806640625,-1.0,-418.6708984375,-1.0,-678.400390625,-1.0,-366.310546875,-1.0,179.5791015625,-1.0,572.3798828125,-1.0,224.869140625,15789.96010044643,289.5952731248639
2024-02-05,0.0,15510.009765625,1.0,-23.5498046875,0.0,-56.2001953125,0.0,24.939453125,2.0,-193.4404296875,0.0,-567.23046875,0.0,-442.220703125,0.0,-701.9501953125,0.0,-389.8603515625,0.0,156.029296875,0.0,548.830078125,15689.68150111607,235.61630483483694
2024-02-06,-1.0,16136.8701171875,-1.0,626.8603515625,0.0,603.310546875,-1.0,570.66015625,-1.0,651.7998046875,1.0,433.419921875,-1.0,59.6298828125,-1.0,184.6396484375,-1.0,-75.08984375,-1.0,237.0,-1.0,782.8896484375,15716.05859375,276.66637533668603
2024-02-07,0.0,16081.8896484375,1.0,-54.98046875,0.0,571.8798828125,1.0,548.330078125,0.0,515.6796875,0.0,596.8193359375,2.0,378.439453125,0.0,4.6494140625,0.0,129.6591796875,0.0,-130.0703125,0.0,182.01953125,15716.72279575893,277.6817105820625
2024-02-08,0.0,15878.0703125,0.0,-203.8193359375,1.0,-258.7998046875,0.0,368.060546875,1.0,344.5107421875,0.0,311.8603515625,0.0,393.0,2.0,174.6201171875,0.0,-199.169921875,0.0,-74.16015625,0.0,-333.8896484375,15741.668526785714,284.0609169149445
2024-02-09,0.0,15746.580078125,0.0,-131.490234375,0.0,-335.3095703125,1.0,-390.2900390625,0.0,236.5703125,1.0,213.0205078125,0.0,180.3701171875,0.0,261.509765625,2.0,43.1298828125,0.0,-330.66015625,0.0,-205.650390625,15779.027064732143,260.9455512716617
2024-02-14,0.0,15879.3798828125,0.0,132.7998046875,0.0,1.3095703125,0.0,-202.509765625,1.0,-257.490234375,0.0,369.3701171875,1.0,345.8203125,0.0,313.169921875,0.0,394.3095703125,2.0,175.9296875,0.0,-197.8603515625,15823.765625,244.71898215983316
